pair,family,state,truth,prediction,correct,abstain,observability,effective_observability
0,unauthorized_delegation,critical_channel_removed,agent_A,NOT_IDENTIFIABLE,0,1,0.9999999999093758,0.0
0,unauthorized_delegation,complete_evidence,agent_A,agent_A,1,0,0.9999999999117193,0.9999999999117193
1,human_override,critical_channel_removed,operator,NOT_IDENTIFIABLE,0,1,0.9999999891031871,0.0
1,human_override,complete_evidence,operator,operator,1,0,0.9999999999117193,0.9999999999117193
2,unauthorized_delegation,critical_channel_removed,agent_A,NOT_IDENTIFIABLE,0,1,0.9999999999093758,0.0
2,unauthorized_delegation,complete_evidence,agent_A,agent_A,1,0,0.9999999999117193,0.9999999999117193
3,human_override,critical_channel_removed,operator,NOT_IDENTIFIABLE,0,1,0.9999999891031871,0.0
3,human_override,complete_evidence,operator,operator,1,0,0.9999999999117193,0.9999999999117193
4,unauthorized_delegation,critical_channel_removed,agent_A,NOT_IDENTIFIABLE,0,1,0.9999999999093758,0.0
4,unauthorized_delegation,complete_evidence,agent_A,agent_A,1,0,0.9999999999117193,0.9999999999117193
5,human_override,critical_channel_removed,operator,NOT_IDENTIFIABLE,0,1,0.9999999891031871,0.0
5,human_override,complete_evidence,operator,operator,1,0,0.9999999999117193,0.9999999999117193
6,unauthorized_delegation,critical_channel_removed,agent_A,NOT_IDENTIFIABLE,0,1,0.9999999999093758,0.0
6,unauthorized_delegation,complete_evidence,agent_A,agent_A,1,0,0.9999999999117193,0.9999999999117193
7,human_override,critical_channel_removed,operator,NOT_IDENTIFIABLE,0,1,0.9999999891031871,0.0
7,human_override,complete_evidence,operator,operator,1,0,0.9999999999117193,0.9999999999117193
8,unauthorized_delegation,critical_channel_removed,agent_A,NOT_IDENTIFIABLE,0,1,0.9999999999093758,0.0
8,unauthorized_delegation,complete_evidence,agent_A,agent_A,1,0,0.9999999999117193,0.9999999999117193
9,human_override,critical_channel_removed,operator,NOT_IDENTIFIABLE,0,1,0.9999999891031871,0.0
9,human_override,complete_evidence,operator,operator,1,0,0.9999999999117193,0.9999999999117193
10,unauthorized_delegation,critical_channel_removed,agent_A,NOT_IDENTIFIABLE,0,1,0.9999999999093758,0.0
10,unauthorized_delegation,complete_evidence,agent_A,agent_A,1,0,0.9999999999117193,0.9999999999117193
11,human_override,critical_channel_removed,operator,NOT_IDENTIFIABLE,0,1,0.9999999891031871,0.0
11,human_override,complete_evidence,operator,operator,1,0,0.9999999999117193,0.9999999999117193
12,unauthorized_delegation,critical_channel_removed,agent_A,NOT_IDENTIFIABLE,0,1,0.9999999999093758,0.0
12,unauthorized_delegation,complete_evidence,agent_A,agent_A,1,0,0.9999999999117193,0.9999999999117193
13,human_override,critical_channel_removed,operator,NOT_IDENTIFIABLE,0,1,0.9999999891031871,0.0
13,human_override,complete_evidence,operator,operator,1,0,0.9999999999117193,0.9999999999117193
14,unauthorized_delegation,critical_channel_removed,agent_A,NOT_IDENTIFIABLE,0,1,0.9999999999093758,0.0
14,unauthorized_delegation,complete_evidence,agent_A,agent_A,1,0,0.9999999999117193,0.9999999999117193
15,human_override,critical_channel_removed,operator,NOT_IDENTIFIABLE,0,1,0.9999999891031871,0.0
15,human_override,complete_evidence,operator,operator,1,0,0.9999999999117193,0.9999999999117193
16,unauthorized_delegation,critical_channel_removed,agent_A,NOT_IDENTIFIABLE,0,1,0.9999999999093758,0.0
16,unauthorized_delegation,complete_evidence,agent_A,agent_A,1,0,0.9999999999117193,0.9999999999117193
17,human_override,critical_channel_removed,operator,NOT_IDENTIFIABLE,0,1,0.9999999891031871,0.0
17,human_override,complete_evidence,operator,operator,1,0,0.9999999999117193,0.9999999999117193
18,unauthorized_delegation,critical_channel_removed,agent_A,NOT_IDENTIFIABLE,0,1,0.9999999999093758,0.0
18,unauthorized_delegation,complete_evidence,agent_A,agent_A,1,0,0.9999999999117193,0.9999999999117193
19,human_override,critical_channel_removed,operator,NOT_IDENTIFIABLE,0,1,0.9999999891031871,0.0
19,human_override,complete_evidence,operator,operator,1,0,0.9999999999117193,0.9999999999117193
20,unauthorized_delegation,critical_channel_removed,agent_A,NOT_IDENTIFIABLE,0,1,0.9999999999093758,0.0
20,unauthorized_delegation,complete_evidence,agent_A,agent_A,1,0,0.9999999999117193,0.9999999999117193
21,human_override,critical_channel_removed,operator,NOT_IDENTIFIABLE,0,1,0.9999999891031871,0.0
21,human_override,complete_evidence,operator,operator,1,0,0.9999999999117193,0.9999999999117193
22,unauthorized_delegation,critical_channel_removed,agent_A,NOT_IDENTIFIABLE,0,1,0.9999999999093758,0.0
22,unauthorized_delegation,complete_evidence,agent_A,agent_A,1,0,0.9999999999117193,0.9999999999117193
23,human_override,critical_channel_removed,operator,NOT_IDENTIFIABLE,0,1,0.9999999891031871,0.0
23,human_override,complete_evidence,operator,operator,1,0,0.9999999999117193,0.9999999999117193
24,unauthorized_delegation,critical_channel_removed,agent_A,NOT_IDENTIFIABLE,0,1,0.9999999999093758,0.0
24,unauthorized_delegation,complete_evidence,agent_A,agent_A,1,0,0.9999999999117193,0.9999999999117193
25,human_override,critical_channel_removed,operator,NOT_IDENTIFIABLE,0,1,0.9999999891031871,0.0
25,human_override,complete_evidence,operator,operator,1,0,0.9999999999117193,0.9999999999117193
26,unauthorized_delegation,critical_channel_removed,agent_A,NOT_IDENTIFIABLE,0,1,0.9999999999093758,0.0
26,unauthorized_delegation,complete_evidence,agent_A,agent_A,1,0,0.9999999999117193,0.9999999999117193
27,human_override,critical_channel_removed,operator,NOT_IDENTIFIABLE,0,1,0.9999999891031871,0.0
27,human_override,complete_evidence,operator,operator,1,0,0.9999999999117193,0.9999999999117193
28,unauthorized_delegation,critical_channel_removed,agent_A,NOT_IDENTIFIABLE,0,1,0.9999999999093758,0.0
28,unauthorized_delegation,complete_evidence,agent_A,agent_A,1,0,0.9999999999117193,0.9999999999117193
29,human_override,critical_channel_removed,operator,NOT_IDENTIFIABLE,0,1,0.9999999891031871,0.0
29,human_override,complete_evidence,operator,operator,1,0,0.9999999999117193,0.9999999999117193
30,unauthorized_delegation,critical_channel_removed,agent_A,NOT_IDENTIFIABLE,0,1,0.9999999999093758,0.0
30,unauthorized_delegation,complete_evidence,agent_A,agent_A,1,0,0.9999999999117193,0.9999999999117193
31,human_override,critical_channel_removed,operator,NOT_IDENTIFIABLE,0,1,0.9999999891031871,0.0
31,human_override,complete_evidence,operator,operator,1,0,0.9999999999117193,0.9999999999117193
32,unauthorized_delegation,critical_channel_removed,agent_A,NOT_IDENTIFIABLE,0,1,0.9999999999093758,0.0
32,unauthorized_delegation,complete_evidence,agent_A,agent_A,1,0,0.9999999999117193,0.9999999999117193
33,human_override,critical_channel_removed,operator,NOT_IDENTIFIABLE,0,1,0.9999999891031871,0.0
33,human_override,complete_evidence,operator,operator,1,0,0.9999999999117193,0.9999999999117193
34,unauthorized_delegation,critical_channel_removed,agent_A,NOT_IDENTIFIABLE,0,1,0.9999999999093758,0.0
34,unauthorized_delegation,complete_evidence,agent_A,agent_A,1,0,0.9999999999117193,0.9999999999117193
35,human_override,critical_channel_removed,operator,NOT_IDENTIFIABLE,0,1,0.9999999891031871,0.0
35,human_override,complete_evidence,operator,operator,1,0,0.9999999999117193,0.9999999999117193
36,unauthorized_delegation,critical_channel_removed,agent_A,NOT_IDENTIFIABLE,0,1,0.9999999999093758,0.0
36,unauthorized_delegation,complete_evidence,agent_A,agent_A,1,0,0.9999999999117193,0.9999999999117193
37,human_override,critical_channel_removed,operator,NOT_IDENTIFIABLE,0,1,0.9999999891031871,0.0
37,human_override,complete_evidence,operator,operator,1,0,0.9999999999117193,0.9999999999117193
38,unauthorized_delegation,critical_channel_removed,agent_A,NOT_IDENTIFIABLE,0,1,0.9999999999093758,0.0
38,unauthorized_delegation,complete_evidence,agent_A,agent_A,1,0,0.9999999999117193,0.9999999999117193
39,human_override,critical_channel_removed,operator,NOT_IDENTIFIABLE,0,1,0.9999999891031871,0.0
39,human_override,complete_evidence,operator,operator,1,0,0.9999999999117193,0.9999999999117193
40,unauthorized_delegation,critical_channel_removed,agent_A,NOT_IDENTIFIABLE,0,1,0.9999999999093758,0.0
40,unauthorized_delegation,complete_evidence,agent_A,agent_A,1,0,0.9999999999117193,0.9999999999117193
41,human_override,critical_channel_removed,operator,NOT_IDENTIFIABLE,0,1,0.9999999891031871,0.0
41,human_override,complete_evidence,operator,operator,1,0,0.9999999999117193,0.9999999999117193
42,unauthorized_delegation,critical_channel_removed,agent_A,NOT_IDENTIFIABLE,0,1,0.9999999999093758,0.0
42,unauthorized_delegation,complete_evidence,agent_A,agent_A,1,0,0.9999999999117193,0.9999999999117193
43,human_override,critical_channel_removed,operator,NOT_IDENTIFIABLE,0,1,0.9999999891031871,0.0
43,human_override,complete_evidence,operator,operator,1,0,0.9999999999117193,0.9999999999117193
44,unauthorized_delegation,critical_channel_removed,agent_A,NOT_IDENTIFIABLE,0,1,0.9999999999093758,0.0
44,unauthorized_delegation,complete_evidence,agent_A,agent_A,1,0,0.9999999999117193,0.9999999999117193
45,human_override,critical_channel_removed,operator,NOT_IDENTIFIABLE,0,1,0.9999999891031871,0.0
45,human_override,complete_evidence,operator,operator,1,0,0.9999999999117193,0.9999999999117193
46,unauthorized_delegation,critical_channel_removed,agent_A,NOT_IDENTIFIABLE,0,1,0.9999999999093758,0.0
46,unauthorized_delegation,complete_evidence,agent_A,agent_A,1,0,0.9999999999117193,0.9999999999117193
47,human_override,critical_channel_removed,operator,NOT_IDENTIFIABLE,0,1,0.9999999891031871,0.0
47,human_override,complete_evidence,operator,operator,1,0,0.9999999999117193,0.9999999999117193
48,unauthorized_delegation,critical_channel_removed,agent_A,NOT_IDENTIFIABLE,0,1,0.9999999999093758,0.0
48,unauthorized_delegation,complete_evidence,agent_A,agent_A,1,0,0.9999999999117193,0.9999999999117193
49,human_override,critical_channel_removed,operator,NOT_IDENTIFIABLE,0,1,0.9999999891031871,0.0
49,human_override,complete_evidence,operator,operator,1,0,0.9999999999117193,0.9999999999117193
50,unauthorized_delegation,critical_channel_removed,agent_A,NOT_IDENTIFIABLE,0,1,0.9999999999093758,0.0
50,unauthorized_delegation,complete_evidence,agent_A,agent_A,1,0,0.9999999999117193,0.9999999999117193
51,human_override,critical_channel_removed,operator,NOT_IDENTIFIABLE,0,1,0.9999999891031871,0.0
51,human_override,complete_evidence,operator,operator,1,0,0.9999999999117193,0.9999999999117193
52,unauthorized_delegation,critical_channel_removed,agent_A,NOT_IDENTIFIABLE,0,1,0.9999999999093758,0.0
52,unauthorized_delegation,complete_evidence,agent_A,agent_A,1,0,0.9999999999117193,0.9999999999117193
53,human_override,critical_channel_removed,operator,NOT_IDENTIFIABLE,0,1,0.9999999891031871,0.0
53,human_override,complete_evidence,operator,operator,1,0,0.9999999999117193,0.9999999999117193
54,unauthorized_delegation,critical_channel_removed,agent_A,NOT_IDENTIFIABLE,0,1,0.9999999999093758,0.0
54,unauthorized_delegation,complete_evidence,agent_A,agent_A,1,0,0.9999999999117193,0.9999999999117193
55,human_override,critical_channel_removed,operator,NOT_IDENTIFIABLE,0,1,0.9999999891031871,0.0
55,human_override,complete_evidence,operator,operator,1,0,0.9999999999117193,0.9999999999117193
56,unauthorized_delegation,critical_channel_removed,agent_A,NOT_IDENTIFIABLE,0,1,0.9999999999093758,0.0
56,unauthorized_delegation,complete_evidence,agent_A,agent_A,1,0,0.9999999999117193,0.9999999999117193
57,human_override,critical_channel_removed,operator,NOT_IDENTIFIABLE,0,1,0.9999999891031871,0.0
57,human_override,complete_evidence,operator,operator,1,0,0.9999999999117193,0.9999999999117193
58,unauthorized_delegation,critical_channel_removed,agent_A,NOT_IDENTIFIABLE,0,1,0.9999999999093758,0.0
58,unauthorized_delegation,complete_evidence,agent_A,agent_A,1,0,0.9999999999117193,0.9999999999117193
59,human_override,critical_channel_removed,operator,NOT_IDENTIFIABLE,0,1,0.9999999891031871,0.0
59,human_override,complete_evidence,operator,operator,1,0,0.9999999999117193,0.9999999999117193
60,unauthorized_delegation,critical_channel_removed,agent_A,NOT_IDENTIFIABLE,0,1,0.9999999999093758,0.0
60,unauthorized_delegation,complete_evidence,agent_A,agent_A,1,0,0.9999999999117193,0.9999999999117193
61,human_override,critical_channel_removed,operator,NOT_IDENTIFIABLE,0,1,0.9999999891031871,0.0
61,human_override,complete_evidence,operator,operator,1,0,0.9999999999117193,0.9999999999117193
62,unauthorized_delegation,critical_channel_removed,agent_A,NOT_IDENTIFIABLE,0,1,0.9999999999093758,0.0
62,unauthorized_delegation,complete_evidence,agent_A,agent_A,1,0,0.9999999999117193,0.9999999999117193
63,human_override,critical_channel_removed,operator,NOT_IDENTIFIABLE,0,1,0.9999999891031871,0.0
63,human_override,complete_evidence,operator,operator,1,0,0.9999999999117193,0.9999999999117193
64,unauthorized_delegation,critical_channel_removed,agent_A,NOT_IDENTIFIABLE,0,1,0.9999999999093758,0.0
64,unauthorized_delegation,complete_evidence,agent_A,agent_A,1,0,0.9999999999117193,0.9999999999117193
65,human_override,critical_channel_removed,operator,NOT_IDENTIFIABLE,0,1,0.9999999891031871,0.0
65,human_override,complete_evidence,operator,operator,1,0,0.9999999999117193,0.9999999999117193
66,unauthorized_delegation,critical_channel_removed,agent_A,NOT_IDENTIFIABLE,0,1,0.9999999999093758,0.0
66,unauthorized_delegation,complete_evidence,agent_A,agent_A,1,0,0.9999999999117193,0.9999999999117193
67,human_override,critical_channel_removed,operator,NOT_IDENTIFIABLE,0,1,0.9999999891031871,0.0
67,human_override,complete_evidence,operator,operator,1,0,0.9999999999117193,0.9999999999117193
68,unauthorized_delegation,critical_channel_removed,agent_A,NOT_IDENTIFIABLE,0,1,0.9999999999093758,0.0
68,unauthorized_delegation,complete_evidence,agent_A,agent_A,1,0,0.9999999999117193,0.9999999999117193
69,human_override,critical_channel_removed,operator,NOT_IDENTIFIABLE,0,1,0.9999999891031871,0.0
69,human_override,complete_evidence,operator,operator,1,0,0.9999999999117193,0.9999999999117193
70,unauthorized_delegation,critical_channel_removed,agent_A,NOT_IDENTIFIABLE,0,1,0.9999999999093758,0.0
70,unauthorized_delegation,complete_evidence,agent_A,agent_A,1,0,0.9999999999117193,0.9999999999117193
71,human_override,critical_channel_removed,operator,NOT_IDENTIFIABLE,0,1,0.9999999891031871,0.0
71,human_override,complete_evidence,operator,operator,1,0,0.9999999999117193,0.9999999999117193
72,unauthorized_delegation,critical_channel_removed,agent_A,NOT_IDENTIFIABLE,0,1,0.9999999999093758,0.0
72,unauthorized_delegation,complete_evidence,agent_A,agent_A,1,0,0.9999999999117193,0.9999999999117193
73,human_override,critical_channel_removed,operator,NOT_IDENTIFIABLE,0,1,0.9999999891031871,0.0
73,human_override,complete_evidence,operator,operator,1,0,0.9999999999117193,0.9999999999117193
74,unauthorized_delegation,critical_channel_removed,agent_A,NOT_IDENTIFIABLE,0,1,0.9999999999093758,0.0
74,unauthorized_delegation,complete_evidence,agent_A,agent_A,1,0,0.9999999999117193,0.9999999999117193
75,human_override,critical_channel_removed,operator,NOT_IDENTIFIABLE,0,1,0.9999999891031871,0.0
75,human_override,complete_evidence,operator,operator,1,0,0.9999999999117193,0.9999999999117193
76,unauthorized_delegation,critical_channel_removed,agent_A,NOT_IDENTIFIABLE,0,1,0.9999999999093758,0.0
76,unauthorized_delegation,complete_evidence,agent_A,agent_A,1,0,0.9999999999117193,0.9999999999117193
77,human_override,critical_channel_removed,operator,NOT_IDENTIFIABLE,0,1,0.9999999891031871,0.0
77,human_override,complete_evidence,operator,operator,1,0,0.9999999999117193,0.9999999999117193
78,unauthorized_delegation,critical_channel_removed,agent_A,NOT_IDENTIFIABLE,0,1,0.9999999999093758,0.0
78,unauthorized_delegation,complete_evidence,agent_A,agent_A,1,0,0.9999999999117193,0.9999999999117193
79,human_override,critical_channel_removed,operator,NOT_IDENTIFIABLE,0,1,0.9999999891031871,0.0
79,human_override,complete_evidence,operator,operator,1,0,0.9999999999117193,0.9999999999117193
80,unauthorized_delegation,critical_channel_removed,agent_A,NOT_IDENTIFIABLE,0,1,0.9999999999093758,0.0
80,unauthorized_delegation,complete_evidence,agent_A,agent_A,1,0,0.9999999999117193,0.9999999999117193
81,human_override,critical_channel_removed,operator,NOT_IDENTIFIABLE,0,1,0.9999999891031871,0.0
81,human_override,complete_evidence,operator,operator,1,0,0.9999999999117193,0.9999999999117193
82,unauthorized_delegation,critical_channel_removed,agent_A,NOT_IDENTIFIABLE,0,1,0.9999999999093758,0.0
82,unauthorized_delegation,complete_evidence,agent_A,agent_A,1,0,0.9999999999117193,0.9999999999117193
83,human_override,critical_channel_removed,operator,NOT_IDENTIFIABLE,0,1,0.9999999891031871,0.0
83,human_override,complete_evidence,operator,operator,1,0,0.9999999999117193,0.9999999999117193
84,unauthorized_delegation,critical_channel_removed,agent_A,NOT_IDENTIFIABLE,0,1,0.9999999999093758,0.0
84,unauthorized_delegation,complete_evidence,agent_A,agent_A,1,0,0.9999999999117193,0.9999999999117193
85,human_override,critical_channel_removed,operator,NOT_IDENTIFIABLE,0,1,0.9999999891031871,0.0
85,human_override,complete_evidence,operator,operator,1,0,0.9999999999117193,0.9999999999117193
86,unauthorized_delegation,critical_channel_removed,agent_A,NOT_IDENTIFIABLE,0,1,0.9999999999093758,0.0
86,unauthorized_delegation,complete_evidence,agent_A,agent_A,1,0,0.9999999999117193,0.9999999999117193
87,human_override,critical_channel_removed,operator,NOT_IDENTIFIABLE,0,1,0.9999999891031871,0.0
87,human_override,complete_evidence,operator,operator,1,0,0.9999999999117193,0.9999999999117193
88,unauthorized_delegation,critical_channel_removed,agent_A,NOT_IDENTIFIABLE,0,1,0.9999999999093758,0.0
88,unauthorized_delegation,complete_evidence,agent_A,agent_A,1,0,0.9999999999117193,0.9999999999117193
89,human_override,critical_channel_removed,operator,NOT_IDENTIFIABLE,0,1,0.9999999891031871,0.0
89,human_override,complete_evidence,operator,operator,1,0,0.9999999999117193,0.9999999999117193
90,unauthorized_delegation,critical_channel_removed,agent_A,NOT_IDENTIFIABLE,0,1,0.9999999999093758,0.0
90,unauthorized_delegation,complete_evidence,agent_A,agent_A,1,0,0.9999999999117193,0.9999999999117193
91,human_override,critical_channel_removed,operator,NOT_IDENTIFIABLE,0,1,0.9999999891031871,0.0
91,human_override,complete_evidence,operator,operator,1,0,0.9999999999117193,0.9999999999117193
92,unauthorized_delegation,critical_channel_removed,agent_A,NOT_IDENTIFIABLE,0,1,0.9999999999093758,0.0
92,unauthorized_delegation,complete_evidence,agent_A,agent_A,1,0,0.9999999999117193,0.9999999999117193
93,human_override,critical_channel_removed,operator,NOT_IDENTIFIABLE,0,1,0.9999999891031871,0.0
93,human_override,complete_evidence,operator,operator,1,0,0.9999999999117193,0.9999999999117193
94,unauthorized_delegation,critical_channel_removed,agent_A,NOT_IDENTIFIABLE,0,1,0.9999999999093758,0.0
94,unauthorized_delegation,complete_evidence,agent_A,agent_A,1,0,0.9999999999117193,0.9999999999117193
95,human_override,critical_channel_removed,operator,NOT_IDENTIFIABLE,0,1,0.9999999891031871,0.0
95,human_override,complete_evidence,operator,operator,1,0,0.9999999999117193,0.9999999999117193
96,unauthorized_delegation,critical_channel_removed,agent_A,NOT_IDENTIFIABLE,0,1,0.9999999999093758,0.0
96,unauthorized_delegation,complete_evidence,agent_A,agent_A,1,0,0.9999999999117193,0.9999999999117193
97,human_override,critical_channel_removed,operator,NOT_IDENTIFIABLE,0,1,0.9999999891031871,0.0
97,human_override,complete_evidence,operator,operator,1,0,0.9999999999117193,0.9999999999117193
98,unauthorized_delegation,critical_channel_removed,agent_A,NOT_IDENTIFIABLE,0,1,0.9999999999093758,0.0
98,unauthorized_delegation,complete_evidence,agent_A,agent_A,1,0,0.9999999999117193,0.9999999999117193
99,human_override,critical_channel_removed,operator,NOT_IDENTIFIABLE,0,1,0.9999999891031871,0.0
99,human_override,complete_evidence,operator,operator,1,0,0.9999999999117193,0.9999999999117193
100,unauthorized_delegation,critical_channel_removed,agent_A,NOT_IDENTIFIABLE,0,1,0.9999999999093758,0.0
100,unauthorized_delegation,complete_evidence,agent_A,agent_A,1,0,0.9999999999117193,0.9999999999117193
101,human_override,critical_channel_removed,operator,NOT_IDENTIFIABLE,0,1,0.9999999891031871,0.0
101,human_override,complete_evidence,operator,operator,1,0,0.9999999999117193,0.9999999999117193
102,unauthorized_delegation,critical_channel_removed,agent_A,NOT_IDENTIFIABLE,0,1,0.9999999999093758,0.0
102,unauthorized_delegation,complete_evidence,agent_A,agent_A,1,0,0.9999999999117193,0.9999999999117193
103,human_override,critical_channel_removed,operator,NOT_IDENTIFIABLE,0,1,0.9999999891031871,0.0
103,human_override,complete_evidence,operator,operator,1,0,0.9999999999117193,0.9999999999117193
104,unauthorized_delegation,critical_channel_removed,agent_A,NOT_IDENTIFIABLE,0,1,0.9999999999093758,0.0
104,unauthorized_delegation,complete_evidence,agent_A,agent_A,1,0,0.9999999999117193,0.9999999999117193
105,human_override,critical_channel_removed,operator,NOT_IDENTIFIABLE,0,1,0.9999999891031871,0.0
105,human_override,complete_evidence,operator,operator,1,0,0.9999999999117193,0.9999999999117193
106,unauthorized_delegation,critical_channel_removed,agent_A,NOT_IDENTIFIABLE,0,1,0.9999999999093758,0.0
106,unauthorized_delegation,complete_evidence,agent_A,agent_A,1,0,0.9999999999117193,0.9999999999117193
107,human_override,critical_channel_removed,operator,NOT_IDENTIFIABLE,0,1,0.9999999891031871,0.0
107,human_override,complete_evidence,operator,operator,1,0,0.9999999999117193,0.9999999999117193
108,unauthorized_delegation,critical_channel_removed,agent_A,NOT_IDENTIFIABLE,0,1,0.9999999999093758,0.0
108,unauthorized_delegation,complete_evidence,agent_A,agent_A,1,0,0.9999999999117193,0.9999999999117193
109,human_override,critical_channel_removed,operator,NOT_IDENTIFIABLE,0,1,0.9999999891031871,0.0
109,human_override,complete_evidence,operator,operator,1,0,0.9999999999117193,0.9999999999117193
110,unauthorized_delegation,critical_channel_removed,agent_A,NOT_IDENTIFIABLE,0,1,0.9999999999093758,0.0
110,unauthorized_delegation,complete_evidence,agent_A,agent_A,1,0,0.9999999999117193,0.9999999999117193
111,human_override,critical_channel_removed,operator,NOT_IDENTIFIABLE,0,1,0.9999999891031871,0.0
111,human_override,complete_evidence,operator,operator,1,0,0.9999999999117193,0.9999999999117193
112,unauthorized_delegation,critical_channel_removed,agent_A,NOT_IDENTIFIABLE,0,1,0.9999999999093758,0.0
112,unauthorized_delegation,complete_evidence,agent_A,agent_A,1,0,0.9999999999117193,0.9999999999117193
113,human_override,critical_channel_removed,operator,NOT_IDENTIFIABLE,0,1,0.9999999891031871,0.0
113,human_override,complete_evidence,operator,operator,1,0,0.9999999999117193,0.9999999999117193
114,unauthorized_delegation,critical_channel_removed,agent_A,NOT_IDENTIFIABLE,0,1,0.9999999999093758,0.0
114,unauthorized_delegation,complete_evidence,agent_A,agent_A,1,0,0.9999999999117193,0.9999999999117193
115,human_override,critical_channel_removed,operator,NOT_IDENTIFIABLE,0,1,0.9999999891031871,0.0
115,human_override,complete_evidence,operator,operator,1,0,0.9999999999117193,0.9999999999117193
116,unauthorized_delegation,critical_channel_removed,agent_A,NOT_IDENTIFIABLE,0,1,0.9999999999093758,0.0
116,unauthorized_delegation,complete_evidence,agent_A,agent_A,1,0,0.9999999999117193,0.9999999999117193
117,human_override,critical_channel_removed,operator,NOT_IDENTIFIABLE,0,1,0.9999999891031871,0.0
117,human_override,complete_evidence,operator,operator,1,0,0.9999999999117193,0.9999999999117193
118,unauthorized_delegation,critical_channel_removed,agent_A,NOT_IDENTIFIABLE,0,1,0.9999999999093758,0.0
118,unauthorized_delegation,complete_evidence,agent_A,agent_A,1,0,0.9999999999117193,0.9999999999117193
119,human_override,critical_channel_removed,operator,NOT_IDENTIFIABLE,0,1,0.9999999891031871,0.0
119,human_override,complete_evidence,operator,operator,1,0,0.9999999999117193,0.9999999999117193
120,unauthorized_delegation,critical_channel_removed,agent_A,NOT_IDENTIFIABLE,0,1,0.9999999999093758,0.0
120,unauthorized_delegation,complete_evidence,agent_A,agent_A,1,0,0.9999999999117193,0.9999999999117193
121,human_override,critical_channel_removed,operator,NOT_IDENTIFIABLE,0,1,0.9999999891031871,0.0
121,human_override,complete_evidence,operator,operator,1,0,0.9999999999117193,0.9999999999117193
122,unauthorized_delegation,critical_channel_removed,agent_A,NOT_IDENTIFIABLE,0,1,0.9999999999093758,0.0
122,unauthorized_delegation,complete_evidence,agent_A,agent_A,1,0,0.9999999999117193,0.9999999999117193
123,human_override,critical_channel_removed,operator,NOT_IDENTIFIABLE,0,1,0.9999999891031871,0.0
123,human_override,complete_evidence,operator,operator,1,0,0.9999999999117193,0.9999999999117193
124,unauthorized_delegation,critical_channel_removed,agent_A,NOT_IDENTIFIABLE,0,1,0.9999999999093758,0.0
124,unauthorized_delegation,complete_evidence,agent_A,agent_A,1,0,0.9999999999117193,0.9999999999117193
125,human_override,critical_channel_removed,operator,NOT_IDENTIFIABLE,0,1,0.9999999891031871,0.0
125,human_override,complete_evidence,operator,operator,1,0,0.9999999999117193,0.9999999999117193
126,unauthorized_delegation,critical_channel_removed,agent_A,NOT_IDENTIFIABLE,0,1,0.9999999999093758,0.0
126,unauthorized_delegation,complete_evidence,agent_A,agent_A,1,0,0.9999999999117193,0.9999999999117193
127,human_override,critical_channel_removed,operator,NOT_IDENTIFIABLE,0,1,0.9999999891031871,0.0
127,human_override,complete_evidence,operator,operator,1,0,0.9999999999117193,0.9999999999117193
128,unauthorized_delegation,critical_channel_removed,agent_A,NOT_IDENTIFIABLE,0,1,0.9999999999093758,0.0
128,unauthorized_delegation,complete_evidence,agent_A,agent_A,1,0,0.9999999999117193,0.9999999999117193
129,human_override,critical_channel_removed,operator,NOT_IDENTIFIABLE,0,1,0.9999999891031871,0.0
129,human_override,complete_evidence,operator,operator,1,0,0.9999999999117193,0.9999999999117193
130,unauthorized_delegation,critical_channel_removed,agent_A,NOT_IDENTIFIABLE,0,1,0.9999999999093758,0.0
130,unauthorized_delegation,complete_evidence,agent_A,agent_A,1,0,0.9999999999117193,0.9999999999117193
131,human_override,critical_channel_removed,operator,NOT_IDENTIFIABLE,0,1,0.9999999891031871,0.0
131,human_override,complete_evidence,operator,operator,1,0,0.9999999999117193,0.9999999999117193
132,unauthorized_delegation,critical_channel_removed,agent_A,NOT_IDENTIFIABLE,0,1,0.9999999999093758,0.0
132,unauthorized_delegation,complete_evidence,agent_A,agent_A,1,0,0.9999999999117193,0.9999999999117193
133,human_override,critical_channel_removed,operator,NOT_IDENTIFIABLE,0,1,0.9999999891031871,0.0
133,human_override,complete_evidence,operator,operator,1,0,0.9999999999117193,0.9999999999117193
134,unauthorized_delegation,critical_channel_removed,agent_A,NOT_IDENTIFIABLE,0,1,0.9999999999093758,0.0
134,unauthorized_delegation,complete_evidence,agent_A,agent_A,1,0,0.9999999999117193,0.9999999999117193
135,human_override,critical_channel_removed,operator,NOT_IDENTIFIABLE,0,1,0.9999999891031871,0.0
135,human_override,complete_evidence,operator,operator,1,0,0.9999999999117193,0.9999999999117193
136,unauthorized_delegation,critical_channel_removed,agent_A,NOT_IDENTIFIABLE,0,1,0.9999999999093758,0.0
136,unauthorized_delegation,complete_evidence,agent_A,agent_A,1,0,0.9999999999117193,0.9999999999117193
137,human_override,critical_channel_removed,operator,NOT_IDENTIFIABLE,0,1,0.9999999891031871,0.0
137,human_override,complete_evidence,operator,operator,1,0,0.9999999999117193,0.9999999999117193
138,unauthorized_delegation,critical_channel_removed,agent_A,NOT_IDENTIFIABLE,0,1,0.9999999999093758,0.0
138,unauthorized_delegation,complete_evidence,agent_A,agent_A,1,0,0.9999999999117193,0.9999999999117193
139,human_override,critical_channel_removed,operator,NOT_IDENTIFIABLE,0,1,0.9999999891031871,0.0
139,human_override,complete_evidence,operator,operator,1,0,0.9999999999117193,0.9999999999117193
140,unauthorized_delegation,critical_channel_removed,agent_A,NOT_IDENTIFIABLE,0,1,0.9999999999093758,0.0
140,unauthorized_delegation,complete_evidence,agent_A,agent_A,1,0,0.9999999999117193,0.9999999999117193
141,human_override,critical_channel_removed,operator,NOT_IDENTIFIABLE,0,1,0.9999999891031871,0.0
141,human_override,complete_evidence,operator,operator,1,0,0.9999999999117193,0.9999999999117193
142,unauthorized_delegation,critical_channel_removed,agent_A,NOT_IDENTIFIABLE,0,1,0.9999999999093758,0.0
142,unauthorized_delegation,complete_evidence,agent_A,agent_A,1,0,0.9999999999117193,0.9999999999117193
143,human_override,critical_channel_removed,operator,NOT_IDENTIFIABLE,0,1,0.9999999891031871,0.0
143,human_override,complete_evidence,operator,operator,1,0,0.9999999999117193,0.9999999999117193
144,unauthorized_delegation,critical_channel_removed,agent_A,NOT_IDENTIFIABLE,0,1,0.9999999999093758,0.0
144,unauthorized_delegation,complete_evidence,agent_A,agent_A,1,0,0.9999999999117193,0.9999999999117193
145,human_override,critical_channel_removed,operator,NOT_IDENTIFIABLE,0,1,0.9999999891031871,0.0
145,human_override,complete_evidence,operator,operator,1,0,0.9999999999117193,0.9999999999117193
146,unauthorized_delegation,critical_channel_removed,agent_A,NOT_IDENTIFIABLE,0,1,0.9999999999093758,0.0
146,unauthorized_delegation,complete_evidence,agent_A,agent_A,1,0,0.9999999999117193,0.9999999999117193
147,human_override,critical_channel_removed,operator,NOT_IDENTIFIABLE,0,1,0.9999999891031871,0.0
147,human_override,complete_evidence,operator,operator,1,0,0.9999999999117193,0.9999999999117193
148,unauthorized_delegation,critical_channel_removed,agent_A,NOT_IDENTIFIABLE,0,1,0.9999999999093758,0.0
148,unauthorized_delegation,complete_evidence,agent_A,agent_A,1,0,0.9999999999117193,0.9999999999117193
149,human_override,critical_channel_removed,operator,NOT_IDENTIFIABLE,0,1,0.9999999891031871,0.0
149,human_override,complete_evidence,operator,operator,1,0,0.9999999999117193,0.9999999999117193
150,unauthorized_delegation,critical_channel_removed,agent_A,NOT_IDENTIFIABLE,0,1,0.9999999999093758,0.0
150,unauthorized_delegation,complete_evidence,agent_A,agent_A,1,0,0.9999999999117193,0.9999999999117193
151,human_override,critical_channel_removed,operator,NOT_IDENTIFIABLE,0,1,0.9999999891031871,0.0
151,human_override,complete_evidence,operator,operator,1,0,0.9999999999117193,0.9999999999117193
152,unauthorized_delegation,critical_channel_removed,agent_A,NOT_IDENTIFIABLE,0,1,0.9999999999093758,0.0
152,unauthorized_delegation,complete_evidence,agent_A,agent_A,1,0,0.9999999999117193,0.9999999999117193
153,human_override,critical_channel_removed,operator,NOT_IDENTIFIABLE,0,1,0.9999999891031871,0.0
153,human_override,complete_evidence,operator,operator,1,0,0.9999999999117193,0.9999999999117193
154,unauthorized_delegation,critical_channel_removed,agent_A,NOT_IDENTIFIABLE,0,1,0.9999999999093758,0.0
154,unauthorized_delegation,complete_evidence,agent_A,agent_A,1,0,0.9999999999117193,0.9999999999117193
155,human_override,critical_channel_removed,operator,NOT_IDENTIFIABLE,0,1,0.9999999891031871,0.0
155,human_override,complete_evidence,operator,operator,1,0,0.9999999999117193,0.9999999999117193
156,unauthorized_delegation,critical_channel_removed,agent_A,NOT_IDENTIFIABLE,0,1,0.9999999999093758,0.0
156,unauthorized_delegation,complete_evidence,agent_A,agent_A,1,0,0.9999999999117193,0.9999999999117193
157,human_override,critical_channel_removed,operator,NOT_IDENTIFIABLE,0,1,0.9999999891031871,0.0
157,human_override,complete_evidence,operator,operator,1,0,0.9999999999117193,0.9999999999117193
158,unauthorized_delegation,critical_channel_removed,agent_A,NOT_IDENTIFIABLE,0,1,0.9999999999093758,0.0
158,unauthorized_delegation,complete_evidence,agent_A,agent_A,1,0,0.9999999999117193,0.9999999999117193
159,human_override,critical_channel_removed,operator,NOT_IDENTIFIABLE,0,1,0.9999999891031871,0.0
159,human_override,complete_evidence,operator,operator,1,0,0.9999999999117193,0.9999999999117193
160,unauthorized_delegation,critical_channel_removed,agent_A,NOT_IDENTIFIABLE,0,1,0.9999999999093758,0.0
160,unauthorized_delegation,complete_evidence,agent_A,agent_A,1,0,0.9999999999117193,0.9999999999117193
161,human_override,critical_channel_removed,operator,NOT_IDENTIFIABLE,0,1,0.9999999891031871,0.0
161,human_override,complete_evidence,operator,operator,1,0,0.9999999999117193,0.9999999999117193
162,unauthorized_delegation,critical_channel_removed,agent_A,NOT_IDENTIFIABLE,0,1,0.9999999999093758,0.0
162,unauthorized_delegation,complete_evidence,agent_A,agent_A,1,0,0.9999999999117193,0.9999999999117193
163,human_override,critical_channel_removed,operator,NOT_IDENTIFIABLE,0,1,0.9999999891031871,0.0
163,human_override,complete_evidence,operator,operator,1,0,0.9999999999117193,0.9999999999117193
164,unauthorized_delegation,critical_channel_removed,agent_A,NOT_IDENTIFIABLE,0,1,0.9999999999093758,0.0
164,unauthorized_delegation,complete_evidence,agent_A,agent_A,1,0,0.9999999999117193,0.9999999999117193
165,human_override,critical_channel_removed,operator,NOT_IDENTIFIABLE,0,1,0.9999999891031871,0.0
165,human_override,complete_evidence,operator,operator,1,0,0.9999999999117193,0.9999999999117193
166,unauthorized_delegation,critical_channel_removed,agent_A,NOT_IDENTIFIABLE,0,1,0.9999999999093758,0.0
166,unauthorized_delegation,complete_evidence,agent_A,agent_A,1,0,0.9999999999117193,0.9999999999117193
167,human_override,critical_channel_removed,operator,NOT_IDENTIFIABLE,0,1,0.9999999891031871,0.0
167,human_override,complete_evidence,operator,operator,1,0,0.9999999999117193,0.9999999999117193
168,unauthorized_delegation,critical_channel_removed,agent_A,NOT_IDENTIFIABLE,0,1,0.9999999999093758,0.0
168,unauthorized_delegation,complete_evidence,agent_A,agent_A,1,0,0.9999999999117193,0.9999999999117193
169,human_override,critical_channel_removed,operator,NOT_IDENTIFIABLE,0,1,0.9999999891031871,0.0
169,human_override,complete_evidence,operator,operator,1,0,0.9999999999117193,0.9999999999117193
170,unauthorized_delegation,critical_channel_removed,agent_A,NOT_IDENTIFIABLE,0,1,0.9999999999093758,0.0
170,unauthorized_delegation,complete_evidence,agent_A,agent_A,1,0,0.9999999999117193,0.9999999999117193
171,human_override,critical_channel_removed,operator,NOT_IDENTIFIABLE,0,1,0.9999999891031871,0.0
171,human_override,complete_evidence,operator,operator,1,0,0.9999999999117193,0.9999999999117193
172,unauthorized_delegation,critical_channel_removed,agent_A,NOT_IDENTIFIABLE,0,1,0.9999999999093758,0.0
172,unauthorized_delegation,complete_evidence,agent_A,agent_A,1,0,0.9999999999117193,0.9999999999117193
173,human_override,critical_channel_removed,operator,NOT_IDENTIFIABLE,0,1,0.9999999891031871,0.0
173,human_override,complete_evidence,operator,operator,1,0,0.9999999999117193,0.9999999999117193
174,unauthorized_delegation,critical_channel_removed,agent_A,NOT_IDENTIFIABLE,0,1,0.9999999999093758,0.0
174,unauthorized_delegation,complete_evidence,agent_A,agent_A,1,0,0.9999999999117193,0.9999999999117193
175,human_override,critical_channel_removed,operator,NOT_IDENTIFIABLE,0,1,0.9999999891031871,0.0
175,human_override,complete_evidence,operator,operator,1,0,0.9999999999117193,0.9999999999117193
176,unauthorized_delegation,critical_channel_removed,agent_A,NOT_IDENTIFIABLE,0,1,0.9999999999093758,0.0
176,unauthorized_delegation,complete_evidence,agent_A,agent_A,1,0,0.9999999999117193,0.9999999999117193
177,human_override,critical_channel_removed,operator,NOT_IDENTIFIABLE,0,1,0.9999999891031871,0.0
177,human_override,complete_evidence,operator,operator,1,0,0.9999999999117193,0.9999999999117193
178,unauthorized_delegation,critical_channel_removed,agent_A,NOT_IDENTIFIABLE,0,1,0.9999999999093758,0.0
178,unauthorized_delegation,complete_evidence,agent_A,agent_A,1,0,0.9999999999117193,0.9999999999117193
179,human_override,critical_channel_removed,operator,NOT_IDENTIFIABLE,0,1,0.9999999891031871,0.0
179,human_override,complete_evidence,operator,operator,1,0,0.9999999999117193,0.9999999999117193
180,unauthorized_delegation,critical_channel_removed,agent_A,NOT_IDENTIFIABLE,0,1,0.9999999999093758,0.0
180,unauthorized_delegation,complete_evidence,agent_A,agent_A,1,0,0.9999999999117193,0.9999999999117193
181,human_override,critical_channel_removed,operator,NOT_IDENTIFIABLE,0,1,0.9999999891031871,0.0
181,human_override,complete_evidence,operator,operator,1,0,0.9999999999117193,0.9999999999117193
182,unauthorized_delegation,critical_channel_removed,agent_A,NOT_IDENTIFIABLE,0,1,0.9999999999093758,0.0
182,unauthorized_delegation,complete_evidence,agent_A,agent_A,1,0,0.9999999999117193,0.9999999999117193
183,human_override,critical_channel_removed,operator,NOT_IDENTIFIABLE,0,1,0.9999999891031871,0.0
183,human_override,complete_evidence,operator,operator,1,0,0.9999999999117193,0.9999999999117193
184,unauthorized_delegation,critical_channel_removed,agent_A,NOT_IDENTIFIABLE,0,1,0.9999999999093758,0.0
184,unauthorized_delegation,complete_evidence,agent_A,agent_A,1,0,0.9999999999117193,0.9999999999117193
185,human_override,critical_channel_removed,operator,NOT_IDENTIFIABLE,0,1,0.9999999891031871,0.0
185,human_override,complete_evidence,operator,operator,1,0,0.9999999999117193,0.9999999999117193
186,unauthorized_delegation,critical_channel_removed,agent_A,NOT_IDENTIFIABLE,0,1,0.9999999999093758,0.0
186,unauthorized_delegation,complete_evidence,agent_A,agent_A,1,0,0.9999999999117193,0.9999999999117193
187,human_override,critical_channel_removed,operator,NOT_IDENTIFIABLE,0,1,0.9999999891031871,0.0
187,human_override,complete_evidence,operator,operator,1,0,0.9999999999117193,0.9999999999117193
188,unauthorized_delegation,critical_channel_removed,agent_A,NOT_IDENTIFIABLE,0,1,0.9999999999093758,0.0
188,unauthorized_delegation,complete_evidence,agent_A,agent_A,1,0,0.9999999999117193,0.9999999999117193
189,human_override,critical_channel_removed,operator,NOT_IDENTIFIABLE,0,1,0.9999999891031871,0.0
189,human_override,complete_evidence,operator,operator,1,0,0.9999999999117193,0.9999999999117193
190,unauthorized_delegation,critical_channel_removed,agent_A,NOT_IDENTIFIABLE,0,1,0.9999999999093758,0.0
190,unauthorized_delegation,complete_evidence,agent_A,agent_A,1,0,0.9999999999117193,0.9999999999117193
191,human_override,critical_channel_removed,operator,NOT_IDENTIFIABLE,0,1,0.9999999891031871,0.0
191,human_override,complete_evidence,operator,operator,1,0,0.9999999999117193,0.9999999999117193
192,unauthorized_delegation,critical_channel_removed,agent_A,NOT_IDENTIFIABLE,0,1,0.9999999999093758,0.0
192,unauthorized_delegation,complete_evidence,agent_A,agent_A,1,0,0.9999999999117193,0.9999999999117193
193,human_override,critical_channel_removed,operator,NOT_IDENTIFIABLE,0,1,0.9999999891031871,0.0
193,human_override,complete_evidence,operator,operator,1,0,0.9999999999117193,0.9999999999117193
194,unauthorized_delegation,critical_channel_removed,agent_A,NOT_IDENTIFIABLE,0,1,0.9999999999093758,0.0
194,unauthorized_delegation,complete_evidence,agent_A,agent_A,1,0,0.9999999999117193,0.9999999999117193
195,human_override,critical_channel_removed,operator,NOT_IDENTIFIABLE,0,1,0.9999999891031871,0.0
195,human_override,complete_evidence,operator,operator,1,0,0.9999999999117193,0.9999999999117193
196,unauthorized_delegation,critical_channel_removed,agent_A,NOT_IDENTIFIABLE,0,1,0.9999999999093758,0.0
196,unauthorized_delegation,complete_evidence,agent_A,agent_A,1,0,0.9999999999117193,0.9999999999117193
197,human_override,critical_channel_removed,operator,NOT_IDENTIFIABLE,0,1,0.9999999891031871,0.0
197,human_override,complete_evidence,operator,operator,1,0,0.9999999999117193,0.9999999999117193
198,unauthorized_delegation,critical_channel_removed,agent_A,NOT_IDENTIFIABLE,0,1,0.9999999999093758,0.0
198,unauthorized_delegation,complete_evidence,agent_A,agent_A,1,0,0.9999999999117193,0.9999999999117193
199,human_override,critical_channel_removed,operator,NOT_IDENTIFIABLE,0,1,0.9999999891031871,0.0
199,human_override,complete_evidence,operator,operator,1,0,0.9999999999117193,0.9999999999117193
